{
  "image": "web_basemap.jpg",
  "width": 2400,
  "height": 1178,
  "bbox_3857": [
    -7203540.88344521,
    3806139.6338547897,
    -7201344.83035479,
    3807218.4513452104
  ],
  "lod": 19,
  "source_res_m": 0.29858214173889186
}