{
  "bbox_3857": [
    -7203540.88344521,
    3806139.6338547897,
    -7201344.83035479,
    3807218.4513452104
  ],
  "nx": 929,
  "ny": 457,
  "cellx_merc": 2.3664365198487287,
  "celly_merc": 2.3658278298701094,
  "ground_res_m": 1.9993435597127345,
  "ground_resx_m": 1.9996007263244617,
  "ground_resy_m": 1.9990863931010074,
  "scale_ground_per_merc": 0.8449838859198655,
  "zmin": 0.0,
  "zmax": 50.0,
  "flat": false,
  "north_up": true,
  "dtype": "float32"
}