{
  "parcels": [
    {
      "PARCELID": "19284",
      "Owner": "",
      "LocationPropertyName": "The Mid Ocean Club and Golf Course",
      "Predominate_Zoning": null,
      "Acreage": 157.70343017578125
    }
  ],
  "requested_ids": [
    "19284"
  ],
  "radius_m": 10.0,
  "aoi_centroid_lonlat": [
    -64.70064501350741,
    32.32979057126035
  ],
  "scale_ground_per_merc": 0.8449838859198655,
  "aoi_bbox_3857": [
    -7203529.0489,
    3806151.4684,
    -7201356.6649,
    3807206.6168
  ],
  "aoi_hull_3857": [
    [
      -7203529.049,
      3806407.659
    ],
    [
      -7203522.591,
      3806249.28
    ],
    [
      -7203396.541,
      3806205.733
    ],
    [
      -7202589.356,
      3806151.468
    ],
    [
      -7201407.16,
      3806815.583
    ],
    [
      -7201359.384,
      3806846.625
    ],
    [
      -7201356.665,
      3806880.486
    ],
    [
      -7201366.768,
      3806896.674
    ],
    [
      -7201622.441,
      3807178.698
    ],
    [
      -7201920.434,
      3807203.36
    ],
    [
      -7201986.908,
      3807206.617
    ],
    [
      -7202993.279,
      3807154.893
    ],
    [
      -7203062.685,
      3807143.517
    ],
    [
      -7203227.176,
      3807109.991
    ],
    [
      -7203283.272,
      3807097.188
    ],
    [
      -7203359.159,
      3807071.66
    ],
    [
      -7203367.726,
      3807067.624
    ],
    [
      -7203405.954,
      3807035.552
    ]
  ],
  "study_bbox_3857": [
    -7203540.88344521,
    3806139.6338547897,
    -7201344.83035479,
    3807218.4513452104
  ],
  "dem": {
    "nx": 929,
    "ny": 457,
    "zmin": 0.0,
    "zmax": 50.0
  }
}